Username,Sentiment,Content,Timestamp,Mentions_INC
coolhatguy80,Negative,"Are there people who attend WS 4 times a week? Just curious, are there people who are insanely devoted who attend EVERY WS a week Wed, Thurs, Fri, and Sat)?",2026-04-10 14:28:36,No
U-280,Negative,"AEVM thanks you for the thanksgiving to satisfy his ""holy"" luxuries! Sadly many members seem not to notice that they are feeding a pot bellied parasite in a throne sucking the harmony of the family, time mental health and genuine spirituality. Financial crisis!? They would not take that for an answer for not offering in full or sulong! There are many parasites in this world but this one is receiving praise and worship due to scaremongering and brainwashing!",2026-04-10 11:55:05,No
Alabangerzz_050,Negative,"""Unbiased"" NET25 not having news about Bato's multiple absences OWEs claim that NET25 is not biased but attacked Robredo in an informal way. Now, walang balita ang NET25 tungkol sa very prolonged absence ni Bato dahil nagtatago sa ICC warrant and multiple media outlets were reporting it. ",2026-04-10 11:32:55,No
caffeine_dependentxx,Negative,"For people na ""tumiwalag"", what was your last straw that made you want to leave? Most reasons I've heard is yung di sila same ng religion ng kasintahan nila, or yung hindi nakakasamba ng consecutive masses",2026-04-10 09:34:26,No
Awarness-777,Positive,"We love you Eduardo………The sake of salvation is with-in Eduardo……..Protect Eduardo, give him good health, and power? What comes to mind when you hear these statements?

For me it truly has brainwashed the INC Filipino people to praise and glorify their leader (Eduardo) rather than to acknowledge Jesus Christ and knowing his Gospel. 

Satan fully is with-in the Manalo CULT! The INC/Manalo CULT has made it very easy for Satan to turn away people from knowing the Gospel of Jesus Christ!

",2026-04-10 09:03:27,Yes
AutoModerator,Positive,"Weekend Worship Service Examination (Apr 10 - Apr 13, 2026) This discussion thread is for the weekend worship service.  For those helping out with the [*Seven Deadly Themes*](https://www.reddit.com/r/exIglesiaNiCristo/comments/ajr3z7/seven_deadly_themes/) project, please post what the lesson was mainly about so we can log the topics the Administration preaches for each service.  Any bit helps, so long it's accurate and honest.  You can find the [*current listing here*](https://www.reddit.com/r/exIglesiaNiCristo/wiki/index/seven-deadly-themes). Thank you for the support!",2026-04-10 09:00:25,Yes
Awarness-777,Negative,"As I read the entire scripture of John 14….. ……I acknowledge how the Manalo CULTS preachings has brainwashed the Filipino INC members to believing in MAJOR LIES!!!! 

It starts off with the major manipulation and deceit of Felix Manalo from the East (far East Philippines) to be Gods last messenger. 

The major manipulation continues by the Manalo CULTS interpretation of Acts 20:28. They fully brainwashed its members that the name of a church is what saves them, with a “membership”.

",2026-04-10 08:24:25,Yes
paulaquino,Positive,In your opinion why he want to join the Filipino cult? ,2026-04-10 07:56:51,No
Awarness-777,Negative,I thought the Manalo CULT ministry was done preaching the repetitiveness of…… ……..presenting the LIES of Felix Manalo being Gods last messenger from the far East Philippines. I guess I had my hopes up too high because that’s what the INC CULTS service was about. They also had to include their repetitive brainwashing preaching of the importance of a church membership and a special offerings again. ,2026-04-10 07:55:11,Yes
gentled0g,Negative,"The incult do not love our children the same way Jesus Christ did Pa rant din dito. We love our children, no matter their age. It just boils my blood every time the ministraws remind everyone sa panahon ng tagubilin when the CS ends to not never bring your children to CS again to preserve the solemnity kuno.

Ito talaga ang patunay na di sila nagbabasa ng Bible, kasi kung nagbasa sila, they will know that Jesus would prefer that children come to him when the children were shunned away by his disciples for disturbing Jesus' lessons. I also assume ito ang tagubilin ng CA para sa pagsamba ng mga matatanda. 

For a religion claiming that they are the true church of Jesus Christ, true believers kuno, they fail so much in so many of Jesus' teachings. Para silang mga uneducated na disipolo ni Jesus noong di pa sila tinuruan ni Jesus. They're worse than the New Testament Pharisees. Kaya when I see a ministraw, nakikita ko ang mga holier-than-thou Parisyo during the time of Jesus.

  
**Matthew 19:13-15** Jesus Blesses Little Children  
13 Then little children were brought to Him that He might put His hands on them and pray, but the disciples rebuked them. 14 But Jesus said, “Let the little children come to Me, and do not forbid them; for of such is the kingdom of heaven.” 15 And He laid His hands on them and departed from there.

**Mark 10:13-16** Jesus Blesses Little Children  
13 Then they brought little children to Him, that He might touch them; but the disciples rebuked those who brought them. 14 But when Jesus saw it, He was greatly displeased and said to them, “Let the little children come to Me, and do not forbid them; for of such is the kingdom of God. 15 Assuredly, I say to you, whoever does not receive the kingdom of God as a little child will by no means enter it.” 16 And He took them up in His arms, laid His hands on them, and blessed them.  
  
**Luke 18:15-17** Jesus Blesses Little Children  
15 Then they also brought infants to Him that He might touch them; but when the disciples saw it, they rebuked them. 16 But Jesus called them to Him and said, “Let the little children come to Me, and do not forbid them; for of such is the kingdom of God. 17 Assuredly, I say to you, whoever does not receive the kingdom of God as a little child will by no means enter it.”  
",2026-04-10 05:11:17,Yes
Agitated-Win-8175,Negative,"First time ko mag-attend event sa Catholic Last week, Holy Week lang alam niyo ba lumaki kasi akong iba’t-ibang religion inattend pero INC si mama ko tho open naman siya sa ibang religion pero INC talaga religion niya noon pa man.

Last week ininvite ako ng family ng boyfriend ko which is Catholic sila, tapos alam niyo ba nag Visita Iglesia kami first time ko rin magbasa Bawat station makakita ng nagrorosary 

The moment of truth dahil nga Holy Week nanood kami ng passion of the Christ basta lahat ng about God and Jesus ganon, growing up naman sa INC sanay silang binabasahan ng bible lang yung mga member nila, after watching ng mga nangyari kay Jesus etc tapos yung boyfriend ko maraming Tinuro sa akin about sa bible din naman, dun ko narealize ang dami kong hindi alam talaga and then umuwi na ako sa amin ina-ask ko pamangkin ko kung may alam ba silang verse sa bible etc, ako naman since nag-Christian school ako may favorite din akong mga verse, anyway mga pamangkin ko teenager since may kapatid akong INC pina-join din niya mga pamangkin ko, so inask ko sila if may alam ba silang verse? Ni isa wala sa kanilang may alam kasi nga binabasahan lang naman sila diba then one time inask ko if kilala ba nila si barabas or anong nangyari kay Jesus, nakatingin lang sila sakto nandon din ate ko base sa mukha niya alam kong wala rin siyang clue nasa 40 na yun a since bata rin siya INC na kaya hayssss ewan ko ba",2026-04-10 04:24:19,Yes
Agitated-Win-8175,Negative,"Rannnnt lang hehehhehehe May gusto lang ako share INC mama ko since bata pa siya tatay ko naman catholic tapos dati sobrang active ni mama mag-simba sa INC tapos dati inaasar niya religion ng iba kasi raw nasayaw kanta etc kapag naman kami na inaasar INC nagagalit siya.

Until.. one day

Nagkaroon ng COVID tapos nag-start yung Ayuda era. Lumipat si mama sa province syempre bago siya dun literal yung mga INC dun parang ang tataas tingin sa sarili nila unlike sa pinanggalingan namin like literal di nafeel ng nanay ko yung vibes ng mga tao dun kasi parang mga nakatingin sayo ng kakaiba.

 

One day nagkabigayan ayuda etc. lahat naman naapektuhan hindi nila binigyan mama ko although nagsabi naman mama ko ng maayos pero malala yung sinagot kesyo bago lang daw hindi kilala nung naglilista grabe yung mama ko na from Devoted INC lumipat sa tapat na simbahan which is simbahan ng Mga Mormons dun lang narealize ng nanay ko lahat.

With or without ayuda okay lang din naman pero di kinaya ng nanay ko yung iba raw doble doble yung iba may kaya pero yung iba na walang wala hindi naabutan 

Lahat kaming magkakapatid handog pero hindi kami pinilit parents namin sa religion kaya iilan lang INC sa amin tapos the rest iba na. Ever since 13 ako talagang pinipilit ako ng nga INC dito sa amin kahit kapatid Kong INC pero wala talaga e ever since tigas na rin ulo Atsaka diba kapag feel mo naman talaga magpapa-anib ka ganon naman yun sa ngayon alam ko iisa lang ang GOD natin.

Yun lang thanks",2026-04-10 04:09:26,Yes
Eastern_Plane,Positive,Cool Toe. Suot ng Barkada. Swak sa kahit anong Galaw. ,2026-04-10 03:42:52,No
South-Wedding4461,Negative,Transferred out baby! Tinamad na talaga ako sa kanila. So kahapon kinuha ko na transfer ko. Sobrang tagal ng pagbigay. Issue ko na lang di ako aalis ng tinitirhan so likely hahabulin ako sa pagpapatala hahaha. Any advise sa mga nagtrasfer na may qr pero di nagpatala.,2026-04-10 02:15:36,No
CheekyTitter,Negative,"6 Years of Pretending… Until We Told the Wrong Person So after six years of pretending we were still part of the church, the truth was finally out, and it all started with one decision.

My husband and I stopped attending worship services even before the pandemic. But we didn’t officially leave. We stayed registered, kept our names on record, and went along with everything… at least on paper.

When we got married during the pandemic, it actually made things easier. Worship services were held at home, so it was simple to pretend we were attending like everyone else.

Before I gave birth to our first child, we moved houses and processed a transfer to a new locale. We were scared that if we didn’t, church officers might start contacting our families. But even after transferring, we still didn’t attend.

Eventually, face to face worship services came back—and that’s when things got harder.

We became a “problem” for our katiwala. We were always absent, always making excuses. We were marked as MS, and we kept saying we were afraid to go out because of our newborn and the fear of getting sick.

Some officers tried visiting, but we were never available. We slept during the day, avoided contact, ignored messages. One of them even got frustrated and told us to just transfer again instead of dodging them.

We still ignored everything.

A year later, we moved again, this time to a house we bought. We processed another transfer… but never registered in the new locale.

That was the moment everything changed. No more visits. No more constant messages. No more pressure or fear. For the first time, we felt completely free.

But freedom came with a condition… we kept pretending for our families.

We memorized worship schedules from a nearby locale just in case we were asked. We dressed up on church days and took photos to make it look like we attended. We even told them we transferred again for “convenience.” And whenever my mom stayed over, we would actually attend just to avoid suspicion.

For six years, we kept it all together.

Until it fell apart.

When my husband’s mom came home from abroad, it felt like just another family moment… but it became our turning point. After being expelled for years, she was trying to return to the church, and somehow, that’s when everything we had carefully hidden for six years began to unravel. We thought we were finally safe—free, even. So we made a choice that would end up undoing everything.

We trusted her.

We thought that after everything she had been through, she would understand. That maybe she would even see the kind of life we had built outside the church… peaceful, honest, and free from fear. So my husband and I finally told her the truth we had been hiding for years.

We told her we no longer believed.

We thought she would listen.

We thought she would understand.

We were wrong.

Even after being expelled for nearly 18 years, she still believed deeply. She said she couldn’t accept it, couldn’t understand how we no longer believed in the church, or even in God.

And just like that, the judgment came.

She started saying things that honestly felt unreal… like we were being influenced by evil, like something was wrong with us, that we needed help.

Then it escalated into emotional manipulation. She tried to trap us… bringing up her struggles, guilt-tripping us, saying she hoped God wouldn’t punish us by making our children sick.

At one point, she even said maybe it would be better if she ended her life if we didn’t return.

It all sounded so extreme… almost unreal.

Hearing all of that didn’t scare us. It just made everything clearer. And it made us question everything even more.

What kind of God do they believe in, if this is how these INC members think?

We weren’t rebelling. We weren’t attacking anyone. We were just living our lives… trying to be good, to take responsibility for our actions, and to treat others with kindness without fear or obligation. Not because we’re told to. Not because we fear punishment. But because we choose to.

And yet, that was seen as wrong.

We asked her not to tell anyone. Especially not my family.

But she didn’t listen.

She told my sibling first. And when that didn’t go the way she wanted, she went to my mom.

The next time we saw my mom, something felt off. So I asked my sibling… and that’s when I found out she had already told my mom after worship service.

My mom hasn’t confronted us yet.

But now there’s this quiet tension… like something is about to happen. My sibling thinks there might be some kind of “open forum” and we will be in the hot seat.

But honestly, we don’t see the point.

Nothing will change our minds.

So now, we wait.

We wait to see what matters more to them—understanding their own children, or staying loyal to a church that taught them to control us, to just obey and never complain.

I’ll update when that moment comes.

TL;DR:

My husband and I secretly stopped attending church for 6 years but pretended for our families. We moved, avoided officers, and lived freely without them knowing. We finally told my MIL (who is an expelled member), thinking she’d understand—but she didn’t. She reacted harshly, emotionally manipulated us, and told my family anyway. Now we’re just waiting for the confrontation, knowing we won’t change our minds. What will happen next, are they going to accept us or disown us?",2026-04-10 01:34:07,Yes
Ok_Marionberry_4491,Negative,"I just want to rant about INC  I was born to an INC mother and father, and I just want to say I hate this religion, they say the most questionable shit, they have an extremely annoying community, they ask for mandatory church time, they appeal to Filipino pride as a strat to get older people on their side, they will visit ur house if they have to in order for you to go to church. And the worst past is its so OBVIOUS and the oldies still don't question it. Like DUDE ""Just let your christian friends join one Simba and they'll come back, just tell them that you need company somewhere, it's not manipulative"" roughly translated from bisaya and literally said word for word a few years ago 😭, there's also the iconic ""Depression is all in the head and it isn't real"" Holy 90s obliviousness. And I just cant forget the most hilarious thing my father told me ""Don't hang out with Catholics, stay away from them"" DAWG I'm enrolled in a Catholic school is you dumb? Also I hate the mandatory service(twice a week btw) like the very idea of hearing of gods teachings is that you must CHOOSE to be there, the point is half useless if your being forced there after class or early as hell in the morning where ur both tired. I can't wait for after college I'll ask for a transfer and just shove the paper deep down in the trash can.",2026-04-10 00:52:04,Yes
Pale_Worldliness8331,Negative,Pag di kaya sa argumento mag ooff si Rapidog haha ,2026-04-10 00:09:23,No
Eastern_Plane,Positive,"They're not even trying to hide it. 99% Filipino Revelation 7:9 (NIV):
After this I looked, and there before me was a great multitude that no one could count, from **every nation, tribe, people and language,** standing before the throne and before the Lamb. They were wearing white robes and were holding palm branches in their hands


Revelation 5:9 (NIV):
And they sang a new song, saying: 'You are worthy to take the scroll and to open its seals, because you were slain, and **with your blood you purchased for God persons from every tribe and language and people and nation.**


Daniel 7:14 (NIV):
**He was given authority, glory and sovereign power; all nations and peoples of every language worshiped him.** His dominion is an everlasting dominion that will not pass away, and his kingdom is one that will never be destroyed.""



Your cult is already a hundred years old...with all the advantages of modern technology to spread the Word. 


And all you can manage is 3 million **FILIPINO** members?

Thats **0.036%** of the global population (2.5% of your home country).

Thats beyond pathetic. 



Compared that to St Paul's Ministry: 

Acts 19:10 NIV
This went on for two years, so that all the Jews and Greeks who lived in the province of Asia heard the word of the Lord.


Thats roughly 1 out of 100 people in the planet. 
For two years. 
Mind you, that includes actual death threats and violence. 


PS

""Asia"" here doenst mean the whole continent but the Roman Province of Asia (0.8% of the global population at that time).

Again...in just 3 years. No internet. No modern transportation.q

If your ministry is actually heard around the globe of different nations, then its really miserable that all who ""can hear"" are only Filipinos. ",2026-04-09 16:57:31,Yes
trans-exincult,Positive,AMAAAAAAAAAAAAAAA/satire ,2026-04-09 16:10:24,No
No_Fear20193,Negative,Parant guys. Nakakirita kasi Nagugulat ako sa mga OWE na nagsasabi na itayaya nila buhay nila para sa Pamamahala. Ano yan Diyos ba yang TP na yan? Grabe makagamit sa talata na galing daw sa Diyos ang pamamahala ,2026-04-09 14:58:03,No
MiddleAd5529,Positive,"Midweek Worship Service Topic Please help me out! Hindi na ako nasamba pero alam ng lola ko ay consistent pa rin ako. Now ay tinatanong ako ano ang teksto, can somebody help me? ASAP please 🥲",2026-04-09 14:07:07,No
Lost-Heart550,Negative,Gusto ko na umalis pero may guilt eh I feel like mapapatay ko sarili ko sa pagiging devoted ng family ko sa church to the point Kaya nila ako ipadrop out sa school kasi di ako umaattend ng worship services. It's so draining and gusto ko na umalis dito but meron akong guilty kasi mga pangulo halos ang family ko,2026-04-09 12:40:53,No
idkwtnmxdd,Negative,Ano oras natatapos pagsamba sa Paco Sobrang urgent pero mga anong oras usually natatapos pagsamba sa Lokal ng Paco? ASAP TYIA,2026-04-09 12:40:20,No
thebestisyettocone,Negative,"Paunti na ba ng paunti ang kulto? seen this post in tiktok, nakikiusap na sila na mag-asawa na mga INC para may mga bago na ulit kasapi na lolokohin at peperahan.",2026-04-09 12:13:35,Yes
paulaquino,Positive,Conversation with the kulto # For more comments ( nasa 1k na)  i research nyo na lang. NeedGod.net.,2026-04-09 11:22:17,Yes
Busy-Till-1052,Negative,"What if Duterte was handling the ""Safer Cities"" curfew instead of Jonvic Remulla? A comparison of strategy, substance, and political ambition Alright, let's do a side-by-side comparison based on what we're seeing with the current DILG's ""Safer Cities"" initiative versus the Duterte administration's ""Oplan Rody"" and other curfew enforcement strategies.

The conversation around curfews right now isn't just about public safety—it's about how the policy is being sold to the public and why the architect behind it seems to be doing it.

🧠 Approach: ""Oplan Rody"" vs. ""Safer Cities"" — Substance vs. Soundbite

· Duterte's Strategy: Regardless of your opinion on the drug war, Duterte's messaging was always anchored in a specific, constitutional and legal framework. When he pushed for nationwide curfews, he tied it directly to Republic Act 9344 (Juvenile Justice and Welfare Act) and the General Welfare Clause of the Constitution. He didn't just say, ""Go home."" He threatened to arrest parents for ""abandonment"" and ""neglect of duty"" under existing laws. There was a mechanism, even if it was extreme. The approach was top-down: ""I am the father of the nation, I will enforce this because the law allows me to protect the youth.""

· Remulla's Strategy (or lack thereof): The current DILG approach, particularly with the ""Safer Cities"" initiative, has been met with legal scrutiny and accusations of being a ""press conference policy."" The National Union of Peoples' Lawyers (NUPL) explicitly pointed out that ""Secretary Jonvic Remulla cannot create crimes by press conference"" and that police cannot hide behind vague references to ordinances. This is a stark contrast to Duterte's direct linkage to specific penal codes. Remulla's quotes have been criticized as tone-deaf and lacking a clear legal basis—telling kids ""If you are not enrolled in school and jobless, then go home"" sounds like a Facebook comment, not a government policy backed by a legal office. It reflects a ""no intelligence"" speech pattern that prioritizes viral clapbacks over substantive legal groundwork.

🎤 Communication &amp; ""Politicking"": The Enforcer vs. The Candidate

· Duterte's Messaging: He spoke as an enforcer with a singular mandate. When the Supreme Court issued a TRO against his curfew ordinances for violating the rights of minors, he didn't pivot to personal political gain; he either found another legal angle or doubled down on the threat of parental arrest. The policy was the point, not his personal brand (at least in the context of curfews; the policy was his brand).

· Remulla's Messaging: This is where the ""politicking"" becomes clear. In almost the same breath that he announces these ""Safer Cities"" crackdowns, we see headlines about him ""open to a 2028 presidential run"" . He's actively shaping his profile as a ""tough on crime"" executive, positioning himself to inherit the ""strongman"" mantle—but he's doing it with a DILG badge instead of a mayoral seat. His media appearances are less about the technicalities of public safety and more about him being a possible bet of the Marcos administration. The curfew initiative, therefore, feels less like a response to a national security emergency and more like a campaign launch event disguised as a public service.

⚖️ Enforcement &amp; Human Rights: The State vs. The Street

· Duterte's Record: It was heavy-handed and led to documented human rights abuses. Human Rights Watch reported that under Duterte's COVID curfew, violators were locked in dog cages and forced to sit in the sun. While brutal, it was systemic brutality—an extension of the state's coercive power. It was wrong, but it was organized.

· Remulla's Record: It's a different kind of chaos—a bureaucratic and legal mess. The enforcement has been labeled ""anti-poor"" and ""elitist"" because it targets behaviors prevalent in lower-income communities (videoke, shirtless roaming, hanging out on the street) while failing to address why people are on the street (lack of public space, expensive electricity). Critics argue that the guidelines are supervisory only and cannot override LGU ordinances. So, we have a national secretary pushing a policy that he may not even have the legal standing to enforce nationally, while simultaneously dodging Ombudsman probes for his role in the Duterte arrest.

🎯 The Verdict

If Duterte was a surgeon with a machete (messy but direct in its constitutional aim), Remulla is a cosmetic surgeon using a scalpel to carve out a better jawline for his 2028 portrait.

Remulla's curfew push is a masterclass in politicking without intelligence. It's a policy designed to make him look like a decisive leader on the 6 o'clock news, even as legal experts question its validity and human rights lawyers warn of its discriminatory impact. He is positioning himself not as a public servant navigating a complex crisis, but as a presidential aspirant building a portfolio of ""toughness"" for a future campaign trail.

What do you think? Is the DILG curfew about saving kids, or is it just the opening act of Remulla 2028?

\---

📝 Disclaimer: This post was written with the assistance of an AI language model trained on legal filings, news archives, and political records from the Duterte administration (2016-2022) and the current Marcos administration. The analysis is based strictly on documented events, executive orders, and legal strategies. This is a speculative ""What If"" scenario for political and legal discussion, not an endorsement or a prediction of current policy.",2026-04-10 16:51:05,Yes
ubermenschGPT,Negative,"Filipino talent and products are world-class; meanwhile, our government is rotten. Filipino talent and products are world-class; meanwhile, our government is rotten. Just imagine what else we could produce if we had a system that put the people first. Our culture and heritage have so much more to give to the world. Yes, some of the greats don't have 100% Filipino blood but their first generation who migrated had a reason enough to take chances abroad.",2026-04-10 16:23:30,No
kwentongskyblue,Negative,SSS scam in PH traced to politically-connected Cambodian scam compound ,2026-04-10 15:41:06,No
19evol61,Neutral,Coincidence? Or direct correlation? ,2026-04-10 15:28:30,Yes
Beautiful_Beat_1200,Negative,"PH government should not let this two demons out of the hook yet .... wag natin ibaon sa limot Ang floid control

and even this 2 f\*\*kers were given state witness status they shouldn't be out of the hook yet as their participation nay be more bigger than what they tell.

Sally Santos only returned 15 million in contrast to the amount of money funneled to her company at Ang tinuturo nya lang ay si Hernandez but upon researching si bruha Pala ay may mga kamaganak na ginawa nyang contractor mukhang criminal mind talaga just look for AESIC construction na pinangalan sa kapatid nya as per sources. meaning all this time alam nya Ang ginagagwa nya  

also the play safe Henry alcantara who is playing mind games para di sya madiin. kung ibabalik Ang bitay dapat itong 2 ito Ang mauna. they funnelled more than billions in the economy but they destroy the safety of the community and the hope and dreams of bulakenyo put\*ng in\* nyo at ng pamilyo nyo mga salot!!!",2026-04-10 15:03:34,No
Artistic0920,Negative,Ipagpatuloy lang niya pag-absent niya. ,2026-04-10 14:23:57,No
Farpay03,Positive,"Watch BINI at Coachella live Pasintabi po muna. This is a celebration for the Philippines: the first Filipino girl group who will perform at Coachella tomorrow. Let’s support BINI.

BINI will perform at Coachella tomorrow at 7 PM PH time. There will be a free live stream on YT

LINK: https://www.youtube.com/live/HJVG2Ck3uuk?si=fuVWIPd\_r8441dUF",2026-04-10 14:01:41,No
VOVOZGAMER,Negative,"One day, BGC will have lesser trees because of this ",2026-04-10 13:21:52,No
SeditionIncision,Negative,"Safer Metro Manila Plan caught their man! Lalaking naghahalo ng semento sa harap ng bahay na nirerenovate! Mabuti na lang at natiketan at nasampolan! Malaking sagabal nga naman sa safety ng mga mamamayan ang walang saplot pang-ibabaw.

Source: 24 Oras segment entitled ""Di Makatarungang Panghuhuli: Sumosobra Umanong Paghihigpit at Kawalan ng Abiso o Warning, Inireklamo ng Ilan"" na pinalabas kanina lang.",2026-04-10 13:00:38,No
Ok-Application3586,Negative,"do you wanna know why ph gov wanted subsidy instead of cutting the two taxes in fuel? read my opinion ive watched yesterday tricycle drivers (toda) waiting whole day in the local basket ball court for nothing, eod they were informed that the subsidy and further instructions will be instructed to their toda president

while waiting an entire day for nothing and missing out the somehow potential earnings that leads to double whammy misfortune, this is what the ph gov really wants 

because the system is designed to frustrate citizens, the left and right ayuda has budgets, billions and 80-90% of the released funds were going to corrupt gov officials pocket

toda, jeepney and somehow tnvs drivers will be getting a one time subsidy hoping that they would not stop driving while it does not guarantee that the price will remain the same, at least for toda

here in ny area the cost of tricycle fare from 40 to 50 pesos already

remember that bbm annouce a crisis about energy, because they wanna access the funds, everything is in their favor",2026-04-10 12:51:33,No
CaptSidekick,Negative,"How can I renew my PH DL? I live here in Canada and in order for me to drive I need a Canadian license. The problem is whenever I go back to the Philippines they are always asking for 2 ID's and I have none. So I was wondering how can I get a new Philippine DL? I saw that I can use a representative to renew my driver's license but I don't have my old PH DL since I already surrendered it. Does anyone know any ways to renew mine?

I wish they put LTO services in the consulates as well because this is so much hassle.",2026-04-10 12:23:42,Yes
bryanchii,Negative,"Para po sa…” Para kina mamang tsuper at sa bawat Pilipinong umaasa sa araw-araw na pasada. Dala ang pangarap, pasan ang pag-asa, kahit kapalit ay pagod at kakarampot na kita. Ang tanong nating lahat: “kasya pa ba? 🇵🇭🪙🚌 #LinyaLinya ",2026-04-10 11:50:36,No
Winter-Engineering70,Positive,"PSA Main National ID Senior Citizen Matagal ang Pila Share lang po.Pumunta kami ng akong tiyahin sa bagong building ng PSA 74 na siya, naka tatlong oras kami sa pila. Apat ang nagtutulong tulong para sa National ID, isa ay para sa verification ng regular at seniors, sa registration naman isa sa regular, isa sa Seniors, yung isa naman salitan para sa regular at seniors, inabot kami ng tatlong oras sa pila, though aircon naman ang buong building pero parang kulang sila sa tao. At papano mga senior na walang pang grab o sasakyan ang layo ng building galing entrance at paexit.",2026-04-10 11:47:11,No
k587359,Negative,Statement of GMA re: ouster allegations vs. current HoR Speaker ,2026-04-10 11:21:39,No
bigbyte2024,Positive,"Sonny Trillanes being DILG Sec. may be a long shot, but hopeful ",2026-04-10 10:49:38,No
Substantial_Main8365,Negative,"Is it fine to have Open/Concealed carry knives in the Philippines (Batas Pambansa Blg. 6 / Presidential Decree no.9 / Recent-ish decriminalization(?))? Hello, hi. 

I am asking this question as I am the one guarding / assisting my friends (a majority of which are women) home during nights spent drinking, they often stay out until 4 am and live in places with a lot of dark corners and alleyways. I am not the most physically fit person to be doing this, but I am the only one with a staunch aversion to alcohol. I often find myself carrying a pen and some cordage in any event something were to happen, although I still feel largely unsafe (a pen is not nearly a suitable weapon). Do note that apart from these things I also make a hobby of whittling, carving and generally I do sometimes need to cut things such as rope. Now I have done my research on the laws / lawsuits concerning these and have stumbled upon House Bill 4897, was this bill passed? 

Would I run into any legal trouble with having a weapon such as a knife on my person? or does the decriminalization still stand.",2026-04-10 10:38:46,No
Waze312,Negative,yes na yes 👊 du30 parin...... kahit maghirap na ang pilipinas ,2026-04-10 10:34:13,No
Miao_Yin8964,Negative,"Chinese flare use vs aircraft over WPS ‘illegal, dangerous’ — PH Navy ",2026-04-10 10:29:47,No
Jaysanchez311,Negative,"Petron CR sa SLEX Kadiri naman tong CR ng Petron s SLEX. Tapos dyan tlga ung gripo walang soap dispenser. Lahat ng humawak sa etits tps hahawak dyan. Pasa pasa n ng bacteria. Ang baboy ng bansang to talaga.

Magkano lang ang urinals at lababo? Ilang milyon ang natipid nila sa pagpagawa ng ganito? Nakakahiya sa mga turista ganito ang makikita. ",2026-04-10 10:21:21,No
the_yaya,Negative,"Evening random discussion - Apr 10, 2026 ""If you don't know which port you are sailing to, no wind is favorable."" - Seneca

Magandang gabi!",2026-04-10 09:55:09,No
OrganizationBig6527,Negative,"Today I learned Collection of BIR from LOA accounts only to 2.5 percent of their total collections So I was doing some reading today and stumbled upon something that completely blew my mind.

The BIR's own 2024 annual report shows that ₱2.772 trillion — or 97.19% of total collections — comes from ordinary Filipinos and businesses voluntarily paying their taxes. LOA-based audits (Letters of Authority), where revenue examiners go in and audit your books? That accounts for a measly ₱71 billion or just 2.5%.

Let that sink in.

The government deploys 4,568 revenue officers to audit businesses across the country. They harass small and medium businesses, demand mountains of documents, drag cases for years — and all of it combined produces less than 3 pesos out of every 100 pesos the BIR collects.

Meanwhile, Senate hearings have exposed an alleged 75-25 scheme — where a corrupt examiner collects, say, ₱1 million from a taxpayer, issues an official receipt for only ₱250,000, and pockets the remaining ₱750,000. The government gets almost nothing. The examiner gets rich. The taxpayer gets robbed twice — once by the government, once by the examiner.

And the DOF confirmed it at the Senate: a huge chunk of LOA-related payments allegedly never reach the national treasury.

So what's the point of LOAs if:

They produce only 2.5% of collections

A large portion reportedly gets stolen anyway

They're used to harass compliant taxpayers instead of targeting real tax evaders

The BIR literally suspended LOA issuances recently for a full reevaluation

If you or someone you know has been a victim of extortion or corruption by a BIR examiner, REPORT THEM:

🔴 National Bureau of Investigation (NBI)

Walk-in: NBI Building, Taft Avenue, Ermita, Manila

Hotline: (02) 8523-8231

Email: info@nbi.gov.ph

Online: www.nbi.gov.ph

🔴 Office of the Ombudsman

Hotline: (02) 8479-7300

Email: pabcorner@ombudsman.gov.ph

🔴 BIR Customer Assistance Division

Hotline: 1-800-1-888-BIRG (2474)

Email: contact\_us@bir.gov.ph

🔴 Senate Blue Ribbon Committee (currently investigating LOA abuses)

Through your Senator's office",2026-04-10 09:29:32,No
silent_hulaboo389,Negative,"Don't know if this is ragebait or not. Or just another form of DDS stupidity, disguised as ""intelligence"" Full caption here:

""r/Philippines is a petri dish for the most brain-rotted libtard Noynoy worship imaginable. A festering circlejerk of yellow cultists furiously deepthroating the rotting corpse of a trust-fund fetus with a speech impediment and the backbone of a wet noodle.

They cream themselves raw over his “Daang Matuwid” legacy while MRTs shat themselves daily, Yolanda turned Tacloban into corpse soup, and Hacienda Luisita got whitewashed like yesterday’s family massacre.

The guy napped through crises, mumbled like a constipated robot on national TV, inherited GMA’s growing economy, and handed Duterte a limp, rotting mess after six years of pure do-nothing Noynoying.

Yet these cucks still spam the subreddit with “Noynoy did his best” and “true statesman” posts, furiously jerking his ghost while the country stays bent over and raw.

Pathetic, brain-dead, yellow-tard petri dish.""",2026-04-10 08:53:07,No
ChripToh_KarenSy,Negative,"Sim Expiration, 1 year ba talaga as long as may load balance? Bakit may notice na pinadala sa akin ang Globe na mage-expire na daw ang sim ko? Nag-load ako nung December at may natira naman sa balance dahil halos hindi naman nagagamit kasi yung GOMO sim ang mas madalas ko gamitin recently, napa-load tuloy ako bigla hahaha! 

Oh unahan ko na mga pilosopo dyan ah, baka sabihin inubos ko load balance ko. Paki-check po muna yung 3rd pic, kung inubos ko load ko dapat yung balance dyan is equivalent sa ni-load ko today from the 2nd pic.",2026-04-10 08:51:41,No
Mindless_Sundae2526,Negative,Sen. Risa Hontiveros Condemns TNVS Driver’s Online Harassment of Xyriel Manabat: “Being a Public Figure Doesn’t Justify Abuse” ,2026-04-10 08:29:00,No
SnooRabbits3679,Negative,"Local gadget store marketed 49 iPhone for first goers during their opening nagkagulo. Thoughts on this? Mukhang di napaghandaan ng husto ng shop, but then pasabog yung marketing ng 49 peso iPhone. Ang ending marami ang nagalit dahil na postpone yung opening ng shop due to crowd control. This is serious operational negligence kasi ang alam naman natin nga dagsaan talaga dyan for the sake of iPhone tas wala man lang systematic approach on crowd control. 😅 This was at Bukidnon.",2026-04-10 07:20:22,No
